{
"fog": [
0.26237946748734,
0.393050968647,
0.41152346134186,
],
"far": 477.11848449707,
"main": [
1.0078125,
0.78374314308167,
0.49682068824768,
],
"near": 244.890995025635,
"ambient": [
0.38632813096046,
0.25602063536644,
0.28510636091232,
],
"back": [
0.41526013612747,
0.50569379329681,
0.71649169921875,
],
}
